timestep,reward
2281524,56.58525
4534905,42.6725
6799401,38.60725
9053616,60.9535
11317433,61.53425
13583309,59.61525
15862165,62.24125
18127056,58.90825
20403892,59.792
