timestep,reward
2269294,45.27325
4548842,66.7105
6839344,56.9135
9093080,51.28275
11376452,66.02875
13663482,65.4985
15950320,66.73575
18234595,65.77625
20522688,67.3165
