timestep,reward
2283633,65.347
4550835,67.39225
6835547,58.95875
9109766,56.56
11382404,67.89725
13664923,66.02875
15953615,64.8925
18238534,65.37225
20527488,67.5185
