timestep,reward
1770495,0.1705
3537703,0.27875
5303430,0.26425
7065224,0.29625
